电影名称,导演,主演,上映年份,类型,国家/地区,片长,豆瓣评分,评价人数,五星占比,短评总数,长评总数
痴迷,库里·巴克,迈克尔·约翰斯顿 / 印达·纳瓦雷特 / 库珀·汤姆林森 / 梅根·劳利斯 / 安迪·里克特 / 黑莉·菲茨杰拉德 / 达林·图恩德 / 克洛伊·布林 / 安东尼·帕沃内 / 贾斯蒂斯 / 马尔科姆·凯尔纳 / 安东尼·卡萨比安卡 / 特拉维斯·贝克 / 凯尔·布卢门撒尔 / 马修·杰克逊,2025,恐怖,美国,108分钟,7.7,32767,,14230,120
大濛,陈玉勋,方郁婷 / 柯炜林 / 汤毓绮 / 曾敬骅 / 陈以文 / 蔡昌宪 / 陈竹升 / 詹馥瑄 / 胡智强 / 陈俊成 / 刘冠廷 / 林美秀 / 谢章颖 / 林志儒 / 陈季霞,2025,剧情,中国台湾,134分钟,8.1,16818,,6780,100
被俘的塞万提斯,亚历杭德罗·阿梅纳瓦尔,胡利奥·佩纳 / 亚历桑德罗·博尔吉 / 何塞·曼努埃尔·波加 / 朱利安·帕斯查尔 / 罗伯托·阿拉莫 / 米古尔·雷兰 / 诺贝托·莫兰 / 路易斯·卡叶赫 / 塞萨尔·萨拉丘 / 拉法·杜纳 / 费尔南多·特赫罗 / 阿尔伯特·萨拉扎尔 / 胡安马·穆尼亚古里亚 / 马坦巴·若阿金 / 亚历克斯·曼东·雷,2025,剧情 / 惊悚 / 冒险,西班牙 / 意大利,134分钟,6.6,362,,145,4
电动维纳斯,皮埃尔·沙尔瓦多利,皮奥·马麦 / 阿娜伊斯·德穆斯蒂埃 / 吉尔·勒卢什 / 维玛拉·庞斯 / 古斯塔弗·科文 / 帕特里斯·泰帕索 / 玛德琳·博多 / 范妮·卡波内 / 罗曼·勒费弗尔 / 托马·罗比诺 / 埃德温·吉莱特,2026,喜剧,法国,122分钟,7.7,635,,348,3
神奇数字马戏团：谢幕演出,库珀·史密斯·古德温,莉兹·弗里曼 / 亚历克斯·罗尚 / 迈克尔·科瓦赫 / 阿曼达·许福德 / 玛丽莎·伦蒂 / 肖恩·奇普洛克 / 阿什利·尼科尔斯 / 库珀·史密斯·古德温 / 凯茜·埃乌鲁 / 斯凯·雷登 / 阿林·汉森,2026,剧情 / 动画,澳大利亚,98分钟,7.3,386,,151,6
双喜,许承杰,刘冠廷 / 余香凝 / 杨贵媚 / 田启文 / 庹宗华 / 汤毓绮 / 蔡凡熙 / 洪群钧 / 晏柔中 / 梁皓岚 / 林史恩 / 张馨比 / 刘品言 / 李国毅 / 陈淑芳,2025,剧情 / 喜剧 / 爱情,中国台湾,129分钟,7.4,10225,,4421,47
镖人：风起大漠,袁和平,吴京 / 谢霆锋 / 于适 / 陈丽君 / 孙艺洲 / 此沙 / 李云霄 / 梁家辉 / 张晋 / 惠英红 / 张译 / 李连杰 / 刘耀文 / 熊瑾怡 / 莒谦朗,2026,动作 / 武侠 / 古装,中国大陆,126分钟,7.5,430234,,192275,2662
绵羊侦探团,凯尔·巴尔达,休·杰克曼 / 尼可拉斯·博朗 / 尼古拉斯·加利齐纳 / 莫莉·戈登 / 茱莉亚·路易斯-德瑞弗斯 / 克里斯·奥多德 / 布莱恩·克兰斯顿 / 帕特里克·斯图尔特 / 雷吉娜·赫尔 / 贝拉·拉姆齐 / 瑞斯·达比 / 布雷特·戈德斯坦 / 艾玛·汤普森 / 周洪 / 康勒斯·希尔,2026,喜剧 / 动作 / 悬疑,爱尔兰 / 英国 / 德国 / 美国,110分钟,7.5,37900,,17994,157
我的妈耶,肖麓西,马思纯 / 白客 / 黄明昊 / 孙阳 / 梁靖康 / 嵇嘉禾 / 王天放 / 雷淞然 / 郭虹 / 张子贤 / 孔连顺 / 王海 / 赵梓淇 / 马旭东 / 张祐维,2026,剧情 / 喜剧 / 家庭,中国大陆,121分钟,6.3,38469,,17329,296
金谍行动,盖·里奇,亨利·卡维尔 / 杰克·吉伦哈尔 / 艾莎·冈萨雷斯 / 卡洛斯·巴登 / 迈克尔·武 / 费舍·史蒂芬斯 / 裴淳华 / 穆罕默德·阿勒·图尔基 / 科乔·阿塔 / 杰森·王 /  埃米特·J·斯坎伦 / 克里斯蒂安·奥乔亚·拉维尼亚 / 卡洛斯·克劳曼斯莫勒 / 克里斯托弗·海维尤 / 贡萨洛·博乌萨,2026,剧情 / 动作 / 惊悚,英国 / 美国,98分钟,6.1,7700,,2814,12
世界的主人,尹佳恩,徐粹彬 / 张慧珍 / 金郑植 / 姜彩允 / 李宰锡 / 朴知玧 / 金艺昶 / 高旻示 / 白贤珠 / 卞重熙 / 文惠仁 / 郑恩京 / 李尚熙 / 李代延 / 金锡勋,2025,剧情,韩国,119分钟,9.0,136349,,58571,871
真爱留声,莉亚·麦肯德里克,佐伊·达奇 / 卢卡斯·盖奇 / 尼克·罗宾森 / 尼克·奥弗曼 / 托比·桑德曼 / 岑勇康 / 吉尔·贝罗斯 / 席亚拉·博拉沃 / 斯宾塞·洛德 / 莉亚·麦肯德里克 / 威廉·C·沃恩 / 卡利克斯·弗雷泽 / 梅甘旦娑 / 吉尔·莫里森 / 泽尼亚·马歇尔,2026,喜剧 / 爱情,美国,118分钟,7.1,2200,,983,7
我住在凡尔赛的日子,纳撒尼尔·赫利米 / 克莱曼斯·马德琳-佩德里亚特,尼娜·佩雷斯-马拉尔特 / 埃米·卢卡斯-维吉耶 / 马尔科姆·瓦莱 / 安娜·阿尔瓦罗 / 席琳·荣特 / 雅各布·韦伯 / 阿丽亚娜·阿斯卡里德 / 蒂埃里·莱尔米特 / 安托万·赖纳茨 / 雷南·克罗斯 / 朱利安·西布尔 / 乌苏比-朱尼尔·福法纳 / 马杜苏·卡马拉 / 杰内莉亚·科阿杜 / 玛佳丽·罗森茨威格,2025,动画 / 家庭,卢森堡 / 法国,81分钟,8.3,5151,,2380,14
与王生活的男人,张抗俊,柳海真 / 朴志训 / 刘智泰 / 田美都 / 朴智焕 / 金旻 / 李浚赫 / 安宰弘 / 郑镇云 / 韩钟训 / 李泰英 / 张铉诚 / 吴达洙 / 李俊赫 / 金秀珍,2026,剧情 / 历史,韩国,116分钟,7.5,16197,,6946,55
蒙特利尔，我的美人,和晓丹,陈冲 / 夏洛特·奥宾 / 埃米莉·科泰 / John Xu / Pei Yao Xu / Anzhe Angelo Zhang,2025,剧情 / 同性,加拿大,117分钟,7.6,18053,,8290,98
爱情抓马,克里斯托弗·博格利,赞达亚 / 罗伯特·帕丁森 / 阿拉娜·哈伊姆 / 马莫多·阿西 / 海利·盖茨 / 西德妮·莱蒙 / 汉娜·格罗斯 / 安娜·巴瑞辛尼科夫 / 乔丁·库雷特 / 迈克尔·阿伯特 / 佐伊·温特斯 / 迪·尼尔森 / 达蒙·冈普顿 / 肯·奇斯曼 / 多利亚·伯拉孟特,2026,剧情 / 喜剧 / 爱情,美国,105分钟,6.9,42622,,21481,194
杀木池,李相玟,金惠奫 / 李钟圆 / 金准韩 / 金永声 / 吴东旻 / 尹在灿 / 张多雅,2026,惊悚 / 恐怖,韩国,95分钟,5.3,12277,,4825,20
迈克尔·杰克逊：巨星之路,安东尼·福奎阿,贾法尔·杰克逊 / 尼娅·朗 / 朱利亚诺·瓦尔迪 / 科尔曼·多明戈 / 迈尔斯·特勒 / 凯林·多瑞尔·琼斯 / 劳拉·哈里尔 / 杰西卡·苏拉 / 麦克·梅尔斯 / 肯德里克·桑普森 / 拉伦兹·泰特 / 约瑟夫·戴维-琼斯 / 贾马尔·亨德森 / 莱恩·希尔 / 特雷·霍顿,2026,剧情 / 音乐 / 传记,美国,128分钟,7.5,55272,,25238,420
幽旅巫咒,达米安·麦卡锡,亚当·斯科特 / 大卫·威尔莫特 / 奥斯丁·阿梅里奥 / 弗洛伦丝·奥德什 / 彼得·库南 / 布伦丹·康罗伊 / 迈克尔·帕特里克 / 威尔·奥康纳 / 苏·卡罗尔 / 埃兹拉·卡莱尔 / 西奥克斯·C / 马洛里·亚当斯,2026,恐怖,爱尔兰 / 美国,101分钟 / 107分钟(电影节版),6.1,7656,,2934,16
三声再见,伊莎贝尔·科赛特,阿尔芭·罗尔瓦赫尔 / 埃利奥·杰曼诺 / 弗朗切斯科·卡里尔 / 西尔维娅·达米科 / 加拉泰亚·贝露琪 / 萨莉塔·乔德霍里 / 洛伦佐·特伦齐 / 索菲娅·德利娅 / 斯蒂法诺·布拉奇 / 彼得罗·斯帕沃利 / 孙克古·郑 / 马泰奥·卡洛马尼奥 / 朱塞佩·佩斯蒂洛 / 路易莎·里奇 / 薇拉·杰玛,2025,剧情,意大利 / 西班牙,120分钟,7.8,3893,,2178,26
我，许可,杨荔钠,文淇 / 秦海璐 / 白客 / 李雪琴 / 牛莉 / 刘佳 / 啜妮 / 王和 / 张馨文 / 张懿曼 / 黄少峰 / 李哲霆 / 黄博远 / 李冠廷 / 刘杰毅,2026,剧情 / 喜剧,中国大陆,118分钟,8.1,291762,,135200,3200
真人快打2,西蒙·麦奎德,阿德莱恩·鲁道夫 / 卡尔·厄本 / 马丁·福特 / 塔蒂·加布里埃 / 杰西卡·麦克娜美 / 麦卡德·布鲁克斯 / 林路迪 / 约什·劳森 / 浅野忠信 / 黄经汉 / 达蒙·海瑞曼 / 林科灯 / 真田广之 / 黄又亮 / 刘易斯·陈,2026,动作 / 科幻 / 惊悚,美国,116分钟,5.9,21395,,9599,94
东京出租车,山田洋次,倍赏千惠子 / 木村拓哉 / 苍井优 / 迫田孝也 / 优香 / 中岛瑠菜 / 神野三铃 / 李濬荣 / 笹野高史 / 大竹忍 / 槙田雄司 / 北山雅康 / 木村优来 / 小林稔侍 / 明石家秋刀鱼,2025,剧情,日本,103分钟,8.0,21958,,8669,85
杀的就是你,基里尔·索科洛夫,莎姬·贝兹 / 帕特丽夏·阿奎特 / 米哈拉·赫罗德 / 汤姆·费尔顿 / 佩特逊·约瑟夫 / 海瑟·格拉汉姆 / 阿曼多·里维拉 / 达伦-迈耶 / 克里斯·范·伦斯堡 / 盖布·加布里埃尔 / 梅根·亚历山大,2026,喜剧 / 动作 / 恐怖,美国,95分钟,6.8,25862,,10024,37
挽救计划,菲尔·罗德 / 克里斯托弗·米勒,瑞恩·高斯林 / 桑德拉·惠勒 / 詹姆斯·奥尔蒂斯 / 莱昂内尔·博伊斯 / 梁振邦 / 米拉娜·薇恩翠 / 普里亚·坎萨 / 利兹·金斯曼 / 马拉基·卡比 / 梅丽尔·斯特里普 / 尤妮斯·胡特哈特 / 雷·波特 / 达米安·德·弗罗贝维尔 / 米娅·索特里乌 / 亚伦·尼尔,2026,剧情 / 科幻 / 惊悚,美国,156分钟,8.6,482384,,202118,2137
家弑服务,保罗·费格,西德尼·斯维尼 / 阿曼达·塞弗里德 / 布兰登·斯克莱纳 / 米凯莱·莫罗尼 / 伊丽莎白·珀金斯 / 印第安娜·艾尔 / 梅根·弗格森 / 艾伦·塔玛基 / 皮特·柯兰多 / 多恩·迪皮塔 / 拉玛·鲍科姆-斯劳特 / 萨拉·库珀 / 凯茜·科斯塔·麦克科昂 / 阿曼达·乔伊·埃里克森 / 阿莱娜·苏格纳,2025,剧情 / 悬疑 / 惊悚,美国,131分钟,7.1,95972,,36094,198
爱上平行时空的你,达里娅·列别杰娃,米拉·埃尔绍娃 / 尤里·纳索诺夫 / 安东·瓦西利耶夫 / 柳德米拉·阿尔捷米娃 / 安东·阿尔特梅夫 / 埃尔尚·阿列斯克罗夫 / 纳德兹达·伊万诺娃 / 罗扎·哈伊鲁林娜 / 玛丽亚·克罗托娃 / 尤里·李 / 康斯坦丁·梅尔兹利金 / 叶夫根尼·塔库耶夫,2025,剧情 / 喜剧 / 爱情,俄罗斯,99分钟,8.0,16692,,8130,43
糖精,娜塔莉·埃丽卡·詹姆斯,米多莉·弗朗西斯 / 玛德琳·麦登 / 丹妮尔·麦克唐纳 / 安娜·亚当斯 / 约瑟夫·鲍德温 / 安德烈·翁·卡莱索 / 丽莎·克里滕登 / 达妮埃拉·蕾妮·芬克 / 露西·戈尔比 / 达里乌斯·古格 / 瑞秋·哈拉夫 / 杰里迈亚·路易斯 / 麦肯齐·麦克拉伦 / 艾米丽·米利奇 / 萨姆·雷迪,2026,剧情 / 科幻 / 恐怖,澳大利亚,112分钟,6.0,2127,,805,2
女士优先,西娅·夏罗克,萨莎·拜伦·科恩 / 裴淳华 / 汤姆·戴维斯 / 艾米莉·莫迪默 / 韦鲁切·欧皮亚 / 查尔斯·丹斯 / 费奥纳·肖 / 理查德·E·格兰特 / 雷德·滕南特 / 凯瑟琳·亨特 / 卡迪夫·克尔万 / 比尔·帕特森 / 保罗·查希迪 / 乔丹·梅特卡夫 / 丹尼·艾肖克,2026,喜剧 / 爱情,美国,90分钟,6.3,12017,,5671,32
天才游戏,程亮,彭昱畅 / 丁禹兮 / 李蔓瑄 / 邓恩熙 / 侯雯元 / 何廖侣匀 / 李嘉灏 / 谷麒麟 / 生港帅 / 阳博 / 祁忆 / 范云飞 / 袁文康 / 徐少武 / 江璐,2026,悬疑 / 犯罪,中国大陆,96分钟,5.9,57033,,29671,789
木乃伊,李·克罗宁,杰克·莱诺 / 莱娅·科斯塔 / 梅·卡拉美维 / 娜塔莉·格蕾斯 / 希洛·莫利纳 / 比利·罗伊 / 维罗尼卡·法尔孔 / 哈亚特·卡米勒 / 梅·埃尔格蒂 / 艾米丽·米切尔 / 胡萨姆·查达特 / 提姆·塞菲 / 马克·米钦森 / 吉迪恩·埃默里 / 迪恩·艾伦·威廉姆斯,2026,恐怖,爱尔兰 / 美国 / 西班牙 / 加拿大,134分钟,6.1,18812,,7534,46
请求救援,山姆·雷米,瑞秋·麦克亚当斯 / 迪伦·奥布莱恩 / 伊迪尔·伊斯梅尔 / 丹尼斯·海斯伯特 / 泽维尔·塞缪尔 / 吴育刚 / 塔内·瓦拉库努娄 / 艾玛·雷米 / 克里斯蒂·贝斯特 / 弗朗塞斯卡·沃特斯 / 奥利维娅·索耶 / 布拉德·弗莱特 / 娜娜·米娅 / 阿努瓦特·蓬拉达翁 / 本嘉婉·提奥颂布恩吉特,2026,惊悚 / 恐怖 / 冒险,美国 / 加拿大 / 英国 / 澳大利亚 / 泰国,113分钟,6.6,29425,,11110,70
无可奈何,朴赞郁,李炳宪 / 孙艺珍 / 朴熙顺  / 李星民 / 廉惠兰 / 车胜元 / 吴达洙 / 金宇胜 / 崔素律 / 金海淑 / 柳演锡 / 李世亨 / 金炯默 / 禹贞媛 / 吴光禄,2025,剧情 / 喜剧 / 惊悚,韩国,139分钟 / 157分钟(导演剪辑版),7.3,78558,,28994,208
人夫总动员,朴奎泰,陈善圭 / 孔明 / 金知硕 / 尹敬浩 / 姜汉娜 / 李多熙 / 全昭旻,2026,剧情,韩国,,6.0,1167,,360,6
准备好了没2：我来了,泰勒·吉勒特 / 马特·贝蒂内利-奥尔平,萨玛拉·维文 / 凯瑟琳·纽顿 / 伊利亚·伍德 / 莎拉·米歇尔·盖拉 / 肖恩·海托西 / 大卫·柯南伯格 / 丹·贝尔尼 / 郑启蕙 / 安东尼·霍尔 / 瓦伦·萨朗加 / 纳迪姆·菲利普 / 马莎·利兹德克 / 内斯特·卡博内尔 / 玛雅·巴斯蒂达斯 / 胡安·巴勃罗·罗梅罗,2026,喜剧 / 惊悚 / 恐怖,美国 / 加拿大,108分钟,6.0,20452,,7764,31
她回来的那天,洪常秀,宋宣美 / 赵伦嬉 / 朴美素,2026,剧情,韩国,84分钟,7.5,1414,,976,7
心门之外,马克斯·赫格沃尔德,Linus Moog / 奥雷尔·克卢格 / 奥利·比加尔克 / 安尼卡·库尔 / 里昂·纳迪亚耶 / Marie Louise Albertine Becker / Marlena Strawe / 费迪南德·莱曼 / Matthieu Svetchine / Bernd Panzer / Denis Lenz,2025,剧情 / 爱情 / 同性,德国,116分钟,7.4,1076,,460,6
父母姐弟,吉姆·贾木许,汤姆·威兹 / 亚当·德赖弗 / 马伊姆·拜力克 / 夏洛特·兰普林 / 凯特·布兰切特 / 薇姬·克里普斯 / 莎拉·格林 / 茵蒂娅·摩尔 / 卢卡·萨巴 / 弗朗索瓦兹·勒布伦,2025,剧情 / 喜剧,美国 / 英国 / 意大利 / 法国 / 爱尔兰 / 德国,110分钟,6.6,5032,,2743,33
惊蛰无声,张艺谋,易烊千玺 / 朱一龙 / 宋佳 / 雷佳音 / 杨幂 / 张译 / 刘诗诗 / 刘耀文 / 林博洋 / 潘斌龙 / 姚安娜 / 段奕宏 / 陈明昊 / 江奇霖 / 王圣迪,2026,剧情 / 犯罪,中国大陆,104分钟,5.8,286737,,146997,8703
母鸡,乔治·巴勒菲,雅尼斯·科基亚斯梅诺斯 / 玛丽亚·迪亚科帕纳约图 / 阿吉里斯·潘达扎拉斯 / 马赫穆特·巴梅尔尼 / 克罗尼斯·巴巴里安 / 安东尼斯‧卡非祖罗普斯 / 尼克斯·凯提斯 / 迪米特里斯·佩雷吉斯 / 安东尼斯·齐奥齐奥普洛斯,2025,剧情 / 家庭,德国 / 希腊 / 匈牙利,96分钟,7.4,3457,,1847,17
一战再战,保罗·托马斯·安德森,莱昂纳多·迪卡普里奥 / 西恩·潘 / 本尼西奥·德尔·托罗 / 蔡斯·英菲尼迪 / 缇雅娜·泰勒 / 雷吉娜·赫尔 / 伍德·哈里斯 / 阿拉娜·哈伊姆 /  保罗·格里姆斯塔德 / 莎娜·麦克黑尔 / 斯塔尔勒塔·杜波利斯 / 埃里克·施维克 / 托尼·戈德温 / 詹姆斯·唐尼 / 约翰·胡热那克,2025,剧情 / 动作 / 惊悚,美国,162分钟,8.0,256944,,93222,942
蜂蜜的针,袁梅,袁泉 / 耿乐 / 宁静 / 俞飞鸿 / 齐溪 / 陈冲 / 孙悦 / 史可 / 余皑磊 / 李大光 / 杨子姗 / 刘雅瑟 / 窦靖童 / 马书良 / 焦刚,2026,爱情 / 悬疑 / 犯罪,中国大陆,119分钟,6.7,52619,,27509,638
拯救地球,欧格斯·兰斯莫斯,艾玛·斯通 / 杰西·普莱蒙 / 艾丹·德尔比思 / 卡门·加林德斯·巴雷拉 / 马克·T·刘易斯 / 瓦妮莎·恩格 / 塞德里克·迪莫尔内 / 艾丽西亚·希尔维斯通 / 斯塔夫罗斯·哈尔基阿斯 / 莫玛·切瑞 / 弗雷德利卡·怀特菲尔德 / 拉斐尔·洛佩兹·布拉沃 / 亚伊萨 / 特涅莎·埃利斯 / 罗杰·卡瓦略,2025,喜剧 / 科幻 / 犯罪,爱尔兰 / 英国 / 加拿大 / 韩国 / 美国,118分钟,7.1,30655,,12768,94
弗兰肯斯坦,吉尔莫·德尔·托罗,奥斯卡·伊萨克 / 雅各布·艾洛蒂 / 克里斯托弗·瓦尔兹 / 米娅·高斯 / 费利克斯·卡默雷尔 / 查尔斯·丹斯 / 大卫·布拉德利 / 拉斯·米克尔森 / 克里斯蒂安·康佛瑞 / 尼古拉·雷·卡斯 / 凯尔·盖特豪斯 / 劳伦·科林斯 / 索菲亚·加拉索 / 约阿希姆·弗耶尔斯图普 / 拉尔夫·伊内森,2025,剧情 / 科幻 / 恐怖,墨西哥 / 美国,149分钟,7.4,69475,,24659,246
三级警戒,克里斯托弗·莱昂内,雷恩·威尔森 / 里尔·莱尔·哈瓦瑞 / 艾米·卡里诺 / 罗伯·里格尔 / 伊薇特·尼科尔·布朗 / 佩吉·肯尼迪 / 索洛·马里多纳 / 崔·欧图尔 / 特蕾莎·麦克劳林 / 安迪·米尔德 / 阿耶莎·哈里斯 / 皮特·霍登 / 达莉娅·罗尼 / 迈克尔·J·希拉夫 / 卡梅隆·富勒,2025,喜剧 / 动作,美国,104分钟,7.9,11576,,3830,32
导火线,大卫·马肯兹,亚伦·泰勒-约翰逊 / 西奥·詹姆斯 / 萨姆·沃辛顿 / 古古·姆巴塔-劳 / 卢克·梅伯利 / 豪尔赫·莱昂·马丁内斯 / 莎芙蓉·霍金 / 奥诺·斯温顿·伯恩 / 阿历克斯·阿诺 / 纳比勒·埃卢比 / 劳里·邓肯 / 帕特里克·皮尔森 / 埃勒姆·埃哈斯 / 亚伦·龙 / 乔治·帕夫利迪斯,2025,剧情 / 动作 / 悬疑,英国,98分钟,7.1,4000,,1315,6
幸运有八只触手,奥利维亚·纽曼,莎莉·菲尔德 / 刘易斯·普尔曼 / 科尔姆·米尼 / 陈冲 / 凯西·贝克 / 贝丝·格兰特 / 索菲亚·布莱克-德埃利亚 / 布兰登·麦克尤恩 / 唐纳德·沙利斯 / 马普安娜·马基雅 / 劳拉·哈里斯 / 安东尼·哈里森 / 丹·佩恩 / 肖娜·约翰尼森 / 克里斯·威廉·马丁,2026,剧情 / 喜剧,美国,111分钟,7.7,4696,,1956,13
利未记,阿德里安·奇亚雷拉,史泰西·克劳森 / 乔·伯德 / 杰瑞米·布莱维特 / 伊文·莱斯利 / 尼古拉斯·霍普 / 米娅·华希科沃斯卡 / 香农·贝里 / 提亚拉·布洛克 / 罗斯·弗拉纳根 / Kamran Fulleylove / 埃罗伊·简特 / Julia Grace / Jason Hura / 黛维达·麦肯齐 / Hyu Motoki,2026,爱情 / 科幻 / 恐怖,澳大利亚,86分钟,7.4,446,,238,6
局外人,弗朗索瓦·欧容,本杰明·瓦赞 / 丽贝卡·马德 / 皮埃尔·洛廷 / 德尼·拉旺 / 斯万·阿劳德 / 克里斯托弗·马拉沃伊 / 尼古拉斯·瓦德 / 让-查理·克里切特 / 米雷耶·佩里耶 / Hajar Bouzaouit / Abderrahmane Dehkani / 让-克劳德·古卢姆伯格 / 杰罗姆·普利 / 让-本笃·尤格斯 / 乔尔·库登奈克,2025,剧情 / 犯罪,法国,122分钟,7.3,8965,,4372,59
爆弹,永井聪,山田裕贵 / 佐藤二朗 / 伊藤沙莉 / 染谷将太 / 渡部笃郎 / 坂东龙汰 / 宽一郎 / 片冈千之助 / 中田青渚 / 加藤雅也 / 正名仆蔵 / 夏川结衣,2025,悬疑 / 犯罪,日本,136分钟,7.2,9163,,3268,23
呼啸山庄,埃默拉尔德·芬内尔,玛格特·罗比 / 雅各布·艾洛蒂 / 周洪 / 沙扎德·拉蒂夫 / 艾莉森·奥利弗 / 马丁·克鲁勒斯 / 伊旺·米切尔 / 艾米·摩根 / 杰西卡·奈佩特 / 夏洛特·梅林顿 / 欧文·库珀 / 薇·阮 /  米莉·肯特 / 薇琪·佩珀代因 / 保罗·瑞斯,2026,剧情 / 爱情,英国 / 美国,137分钟,6.2,98657,,50285,763
疯狂动物城2,杰拉德·布什 / 拜伦·霍华德,金妮弗·古德温 / 杰森·贝特曼 / 关继威 / 福琼·费姆斯特 / 安迪·萨姆伯格 / 大卫·斯特雷泽恩 / 夏奇拉 / 伊德瑞斯·艾尔巴 / 帕特里克·沃伯顿 / 昆塔·布伦森 / 丹尼·特雷霍 / 艾伦·图代克 / 内特·托伦斯 / 唐·雷克 / 邦妮·亨特,2025,喜剧 / 动画 / 悬疑,美国,108分钟,8.3,798390,,300171,2405
铁肺,马克·费施巴赫,马克·费施巴赫 / 卡萝·卡普兰 / 特洛伊·贝克 / 埃尔希·洛夫洛克 / 艾丽·拉蒙特 / Dave Pettitt / Isaac McKee / Asher Wagh / Kazuki Jalal / 阿拉娜·皮尔斯 / Seán McLoughlin / David Szymanski / 丹妮尔·普勒格 / 拉胡尔·寇利 / Ethan Nestor,2026,恐怖,美国,127分钟,5.5,3237,,1348,15
哈姆奈特,赵婷,杰西·巴克利 / 保罗·麦斯卡 / 雅各比·尤佩 / 奥利维娅·莱恩斯 / 博德希·蕾·布里纳希 / 乔·阿尔文 / 艾米丽·沃森 / 扎克·威沙特 / 詹姆斯·林特恩 / 贾斯汀·米切尔 / 伊娃·威莎特 / 埃菲·琳恩 / 大卫·威尔莫特 / 弗蕾娅·汉南-米尔斯 / 丹顿·安德森,2025,剧情 / 爱情 / 传记,英国 / 美国,125分钟,7.8,57416,,26448,463
你的错误：伦敦版,夏洛特·法斯勒 / 丹妮·吉尔伍德,艾莎·班克斯 / 马修·布鲁姆 / 恩瓦·刘易斯 / 雷·费隆 / 伊芙·麦凯林 / 妮科尔·安萨里-考克斯 / 萨姆·布坎南 / 斯嘉丽·雷纳 / 路易莎·宾德 / 塞科·迪亚比 / 奥兰多·诺曼 / 乔尔·南克维斯 / 柯里姆·哈桑 / Seosaimhin Hennelly / Ben Mangham,2026,剧情 / 爱情,英国,,6.1,657,,276,1
凶降喜讯,卞成贤,薛景求 / 红炅 / 柳承范 / 朴海秀 / 柊木阳太 / 全度妍 / 尹敬浩 / 山田孝之 / 笠松将 / 椎名桔平 / 佐野史郎 / 音尾琢真 / 金成伍 / 车顺裴,2025,喜剧 / 惊悚 / 犯罪,韩国,136分钟,7.7,36438,,11974,62
致命之旅,乔玛·塔科内,杰森·席格尔 / 萨玛拉·维文 / 蒂莫西·奥利芬特 / 朱丽叶特·刘易斯 / 基思·贾丁 / 尼科莱·金斯基 / 保罗·吉尔福伊尔 / 凯拉·拉多姆斯基 / 詹妮弗·阿玛卡·佩特森 / 尹查理 / 丹妮西娅·萨马尔 / 杰克·库兰 / 比利·琼斯 / 罗伯特·古德曼 / 安迪·科恩,2026,喜剧 / 动作 / 惊悚,美国,105分钟,6.3,3738,,1386,10
极限审判,提莫·贝克曼贝托夫,克里斯·帕拉特 / 丽贝卡·弗格森 / 卡莉·瑞斯 / 安娜贝拉·沃丽丝 / 克里斯·沙利文 / 凯莱·罗杰斯 / 杰夫·皮埃尔 / 拉菲·格拉沃恩 / 肯尼斯·崔 / 杰米·麦克布莱德 / 罗斯·格斯拉 / 马克·达内里 / 海顿·道尔顿 / 迈克尔·C·马洪 / 诺亚·费恩利,2026,动作 / 科幻 / 悬疑,美国,100分钟,7.2,101917,,39084,468
恩典,保罗·索伦蒂诺,托尼·塞尔维洛 / 安娜·费泽蒂 / 奥兰多·辛克 / 马西莫·文图列洛 / 米尔维亚·马里利亚诺 / 朱塞佩·盖亚尼 / 乔瓦娜·圭达 / 阿莱西亚·朱利安尼 / 罗伯托·齐贝蒂 / Vasco Mirandola / Linda Messerklinger / Rufin Doh Zeyenouin / Simone Colombari / Alexandra Gottschlich / Lucio Zagaria,2025,剧情,意大利,133分钟,7.5,4449,,2310,44
利刃出鞘3,莱恩·约翰逊,丹尼尔·克雷格 / 乔什·奥康纳 / 格伦·克洛斯 / 乔什·布洛林 / 米拉·库尼斯 / 杰瑞米·雷纳 / 凯丽·华盛顿 / 安德鲁·斯科特 / 卡莉·史派妮 / 达利尔·麦克科马克 / 托马斯·哈登·丘奇 / 杰弗里·怀特 / 安妮·汉密尔顿 / 詹姆斯·福克纳 / 布里奇特·埃弗里特,2025,剧情 / 喜剧 / 悬疑,美国,144分钟,7.6,112751,,36139,176
平场之月,土井裕泰,堺雅人 / 井川遥 / 坂元爱登 / 一色香澄 / 中村友理 / 绪方义博 / 吉濑美智子 / 大森南朋 / 成田凌 / 仓悠贵,2025,剧情 / 爱情,日本,119分钟,7.5,3406,,1494,15
抖擞,彼得·法雷里,马克·沃尔伯格 / 保罗·沃尔特·豪泽 / 萨莎·拜伦·科恩 / 本杰明·布拉特 / 卢西亚诺·萨法尔 / 艾娃·德·多米尼奇 / 丹妮拉·曼希沃 / 莫莉·香侬 / 切尔茜·克里斯普 / 埃里克·安德烈 / 杰克森·托泽尔 / 亨利埃塔·阿梅沃尔 / 阿贝·法雷利 / 瑞恩·谢尔顿 / 娜塔丽·奥利维拉,2026,喜剧 / 犯罪,美国,104分钟,6.2,4272,,1297,6
巅峰猎杀,巴塔萨·科马库,查理兹·塞隆 / 塔伦·埃哲顿 / 艾瑞克·巴纳 / 马特·惠伦 / 贝茜·霍兰德 / 亚伦·佩德森 / 罗伯·卡尔顿 / 邓肯·法洛 / 朱莉娅·奥汉尼西安 / 尼阿姆·霍根 / 威洛·西格 / 扎卡里·加雷德 / 凯特琳·斯塔西,2026,动作 / 惊悚,加拿大 / 澳大利亚 / 美国 / 冰岛,95分钟,6.3,16966,,5946,29
河狸变身计划,丹尼尔·钟,佩珀·柯达 / 鲍比·莫尼汉 / 乔恩·哈姆 / 凯茜·纳基麦 / 戴夫·弗兰科 / 爱德华多·弗兰科 / 梅丽莎·维亚西诺尔 / 托马斯·劳 / 梅丽尔·斯特里普 / 瓦妮莎·贝尔 / 阿帕娜·南切拉 / 山姆·理查森 / 小伊塞亚·维特洛克 / 史蒂夫·波赛尔 / 艾戈·乌迪姆,2026,喜剧 / 科幻 / 动画,美国,105分钟,7.4,100655,,49012,514
杀人者报告,曹英俊,郑成日 / 赵汝贞,2025,犯罪,韩国,108分钟,7.1,13996,,4536,19
旅途中的日子,三宅唱,沈恩敬 / 堤真一 / 河合优实 / 高田万作 / 佐野史郎 / 齐藤阳一郎 / 松浦慎一郎 / 足立智充 / 梅舟惟永 / 柴田贵哉 / 中村祐太郎 / 贝拉·梅,2025,剧情,日本,89分钟,7.1,8596,,4477,34
替补悍警,本·维特利 ,鲍勃·奥登科克 / 琳娜·海蒂 / 布伦丹·弗莱彻 / 亨利·温克勒 / 布莱恩·川上 / 莎莫·H·豪威尔 / 德里克·巴恩斯 / 杰西卡·麦克劳德 / Dan De Jaeger / Reena Jolly / 劳伦·科克伦 / 大卫·劳伦斯·布朗 / 卡森·纳特拉斯 / 彼得·新田 / 辻将太,2025,动作 / 惊悚 / 犯罪,加拿大 / 美国,91分钟,6.3,3593,,1135,4
通往你的地图,拉斯·霍尔斯道姆,玛德琳·克莱因 / 乔什·卢卡斯 / K·J·阿帕 / 索菲亚·怀利 / 麦迪森·汤普森 / 奥兰多·诺曼 / 玛丽莲·卡茨 / J·R·埃斯波西托 / 朱塞佩·斯基拉奇 / 卡尔-埃尔·桑托斯 / 迭戈·罗斯 / 伊娃·加西亚·蒙蒂尔 / 豪尔赫·奥索里奥,2025,剧情 / 爱情,美国,96分钟,6.2,1413,,874,2
至尊马蒂,乔什·萨弗迪,提莫西·查拉梅 / 格温妮斯·帕特洛 / 敖德萨·阿锡安 / 凯文·奥利里 / 泰勒·奥康马 / 拉瑞·斯洛曼 / 阿贝尔·费拉拉 / 法兰·德瑞雪 / 桑德拉·伯恩哈德 / 川口功人 / 皮柯·耶尔 / 拉尔夫·克鲁奇 / 乔治·格文 / 卢克·曼利 / 艾莫里·科恩,2025,剧情 / 运动,芬兰 / 美国,150分钟,7.3,41634,,19893,272
妥瑞氏与我,柯克·琼斯,罗伯特·阿拉马约 / 彼得·穆兰 / 玛克辛·皮克 / 雪莉·亨德森 / 斯科特·埃利斯·沃特森 / 保罗·唐奈利 / 道格拉斯·兰金 / 亚当·迈克纳马拉 / 克里斯·迪克森 / 大卫·卡莱尔 / 史蒂芬·克里 / 安东尼·卡帕尔迪 / 安德列·比赛特 / 弗朗切斯科·皮亚森蒂尼-史密斯 / 戈登·皮亚斯顿,2025,剧情 / 传记 / 历史,英国,120分钟,8.4,5677,,2131,31
阿凡达：火与烬,詹姆斯·卡梅隆,萨姆·沃辛顿 / 佐伊·索尔达娜 / 西格妮·韦弗 / 史蒂芬·朗 / 奥娜·卓别林 / 凯特·温斯莱特 / 克利夫·柯蒂斯 / 乔·大卫·摩尔  / 希·庞德 / 埃迪·法可 / 大卫·休里斯 / 杰梅奈·克莱门特 / 吉奥瓦尼·瑞比西 / 布里顿·达尔顿 / 杰克·尚皮永,2025,动作 / 科幻 / 惊悚,美国,198分钟,7.5,280804,,119165,1410
万事顺利,児山隆,南沙良 / 出口夏希 / 吉田美月喜 / 羽村仁成 / 金子大地,2025,剧情,日本,119分钟,7.5,3748,,1872,10
飞驰人生3,韩寒,沈腾 / 尹正 / 黄景瑜 / 张本煜 / 魏翔 / 沙溢 / 范丞丞 / 孙艺洲 / 段奕宏 / 张新成 / 胡先煦 / 李治廷 / 白宇帆 / 周政杰 / 高华阳,2026,剧情 / 喜剧 / 运动,中国大陆,126分钟,7.1,464739,,172356,1543
长尾豹马修,菲利普·拉肖,菲利普·拉肖 / 贾梅尔·杜布兹 / 塔雷克·布达里 / 艾洛蒂·丰唐 / 朱利安·阿鲁蒂 / 阿尔班·伊万诺夫 / Corentin Guillot / 丽姆·柯里奇 / 让·雷诺 / 热拉尔·朱尼奥 / 迪迪埃·布尔东 / 帕科·布瓦松 / 贾梅尔·艾尔格比 / 凯瑟琳·吉昂 / 卡梅尔·拉布鲁迪,2026,喜剧 / 家庭 / 冒险,法国 / 比利时,99分钟,6.8,574,,159,0
你行！你上！,姜文,姜文 / 马丽 / 张乘郝 / 王硕珑 / 陆一 / 于和伟 / 余皑磊 / 何赛飞 / 辛芷蕾 / 雷佳音 / 葛优 / 王传君 / 胡歌 / 甄子丹 / 丁志诚,2025,剧情 / 喜剧,中国大陆,144分钟,6.5,138071,,62349,1049
像我这样的爱情,谭惠贞,廖子妤 / 陈家乐 / 刘雅丽 / 杨淇 / 刘若宝 / 林芷沿,2025,剧情 / 爱情,中国香港,105分钟,7.1,7116,,2856,31
单程夜航,约翰·特拉沃尔塔,克拉克·肖特韦尔 / 凯莉·B·埃维斯顿 / 艾伦·特拉沃尔塔 / 吉米·马里诺 / 奥尔加·霍夫曼 / 布莱恩·墨菲 / C·安德鲁·加里森 / 迈尔斯·麦克马洪 / 乔纳森·劳 / 爱德华·菲利波纳特 / 莫莉·艾伦 / 汤姆·弗雷德利 / 安·特拉沃尔塔 / 艾拉·布勒·特拉沃塔 / 琳达·法维拉,2026,剧情,美国,61分钟,6.9,1158,,427,4
后来的我们,金度英,具教焕 / 文佳煐 / 姜末琴,2025,剧情 / 爱情,韩国,115分钟,7.3,7473,,3185,33
杀死比尔：血色全传,昆汀·塔伦蒂诺,乌玛·瑟曼 / 刘玉玲 / 薇薇卡·福克斯 / 达丽尔·汉纳 / 迈克尔·马德森 / 大卫·卡拉丁 / 千叶真一 / 朱莉·德赖弗斯 / 栗山千明 / 刘家辉 / 迈克尔·帕克斯 / 迈克尔·鲍文 / 国村隼 / 大叶健二 / 风祭由纪,2006,动作 / 犯罪,美国,253分钟 / 275分钟(重映版),8.7,57599,,8048,32
罗小黑战记2,木头 / 顾杰,山新 / 刘明月 / 朱婧 / 栾立胜 / 傅晨阳 / 言灵 / 陈启刚 / 皇贞季 / 李璐 / 陈思宇 / 任景行,2025,动画 / 奇幻 / 冒险,中国大陆,119分钟,8.7,325316,,136581,1732
微笑的山谷,保罗·斯特里波利,米凯莱·里翁迪诺 / 罗马纳·马乔拉·韦尔加诺 / 罗伯托·西特兰 / 朱利奥·费尔特里 / 塞尔吉奥·罗马诺 / 安娜·贝拉托 / Sandra Toffolatti / Gabriele Benedetti / Diego Nardini / 保罗·皮耶罗邦 / Aurora Montanino / Penelope Montanino / Vincenzo Tosetto,2025,剧情 / 恐怖,意大利 / 斯洛文尼亚,122分钟,6.9,1971,,867,9
我的喜悦夏天,玛格丽塔·斯潘皮纳托,马可·费奥雷 / 奥萝拉·夸特罗基 / 玛蒂娜·齐亚米 / Camille Dugay,2025,剧情,意大利,90分钟,7.3,629,,254,4
东北警察故事3,杨秉佳,谢苗 / 林晓杰 / 崔志佳 / 黄米依 / 伍允龙 / 马千壹 / 张磊 / 冯瑶 / 唐鉴军 / 田娃 / 吴莫愁,2026,喜剧 / 动作 / 犯罪,中国大陆,100分钟,7.3,70584,,27635,270
浴血黑帮：不朽传奇,汤姆·哈伯,基里安·墨菲 / 丽贝卡·弗格森 / 蒂姆·罗斯 / 苏菲·兰朵 / 巴里·基奥恩 / 斯蒂芬·格拉汉姆 / 派克·李 / 杰伊·利库戈 / 奈德·丹内利 / 伊恩·佩克 / 萨米·乔纳斯·希尼 / 鲁比·阿什伯恩·瑟金斯 / 山姆·贝克-琼斯 / 卡斯珀·希尔顿-希勒 / 马丁·安格鲍尔,2026,剧情 / 历史 / 犯罪,英国 / 法国 / 美国,115分钟,6.5,15284,,5244,52
长安的荔枝,大鹏,大鹏 / 白客 / 庄达菲 / 刘俊谦 / 刘德华 / 杨幂 / 常远 / 魏翔 / 王迅 / 孙阳 / 林雪 / 宋小宝 / 付航 / 张若昀 / 杨环宇,2025,剧情 / 喜剧 / 古装,中国大陆,122分钟,7.5,515260,,191229,2856
女孩,舒淇,邱泽 / 汤毓绮 / 白小樱 / 林品彤 / 赖雨霏 / 刘品言 / 陈竹升 / 曾珮瑜 / 梁正群 / 谢琼煖 / 黄镫辉 / 刘冠廷,2025,剧情,中国台湾 / 中国大陆,124分钟,7.2,38202,,18887,402
浪浪山小妖怪,於水,陈子平 / 路扬 / 董汶亮 / 刘琮 / 林强 / 张闻天 / 李盟 / 陈喆 / 付博文 / 王上斌 / 於水 / 吴旭 / 韩冬青 / 姜小亮,2025,剧情 / 喜剧 / 动画,中国大陆,118分钟,8.5,686504,,256601,3350
猎杀游戏,埃德加·赖特,格伦·鲍威尔 / 乔什·布洛林 / 李·佩斯 / 迈克尔·塞拉 / 科尔曼·多明戈 / 凯蒂·M·奥布莱恩 / 艾米莉亚·琼斯 / 杰米·劳森 / 威廉·H·梅西 / 卡尔·格洛斯曼 / 马丁·赫利希 / 西恩·海耶斯 / 西耶娜·本 / 艾莉莎·本 / 大卫·札亚斯,2025,动作 / 科幻 / 惊悚,美国 / 英国,133分钟,5.7,21173,,9483,106
永恒站,大卫·费恩,迈尔斯·特勒 / 伊丽莎白·奥尔森 / 卡勒姆·特纳 / 达明·乔伊·伦道夫 / 约翰·厄尔利 / 欧嘉·梅雷迪斯 / 贝蒂·巴克利 / 巴里·普赖默斯 / 克里斯蒂·柏克 / 丹尼·麦克 / 达蒙·约翰逊 / 露西·特恩布尔 / 卡森·勃肯佛 / 梅格·洛 / 塔利亚·布丽尔·埃文斯,2025,剧情 / 喜剧 / 爱情,美国,114分钟,7.2,26880,,11482,110
桑格豪森的渴望,尤利安·拉德迈耶,克拉拉·施温宁 / 马瑞尔·凯沙瓦茨 / 亨丽埃特·肯夫里乌斯 / 若阿内斯·贝尔茨 / 安德里亚斯·比特尔 / 安德烈亚斯·德勒 / 梅拉·芬克 / 帕特里克·弗兰扎克 / 苏珊·弗洛莫 / 杰里米·加利亚纳 / 安东·戈诺波尔斯基 / 莱昂尼·哈莫 / 迈克尔·哈斯通 / 玛琳·豪瑟 / 弗兰基斯卡·海纳尔,2025,剧情 / 喜剧,德国,90分钟,7.1,1306,,772,9
唐顿庄园3,西蒙·柯蒂斯,米歇尔·道克瑞 / 休·博纳维尔 / 伊丽莎白·麦戈文 / 劳拉·卡尔迈克尔 / 吉姆·卡特 / 布兰登·柯伊尔 / 琼安·弗洛加特 / 保罗·吉亚玛提 / 拉奎尔·卡西迪 / 凯文·道尔 / 迈克尔·福克斯 / 哈利·海顿-佩顿 / 罗伯·詹姆斯-克里尔 / 艾伦·里奇 / 菲利斯·洛根,2025,剧情,英国 / 美国,123分钟,8.6,18216,,7983,110
惊天魔盗团3,鲁本·弗雷斯彻,杰西·艾森伯格 / 伍迪·哈里森 / 戴夫·弗兰科 / 艾拉·菲舍尔 / 裴淳华 / 贾斯蒂斯·史密斯 / 多米尼克·塞萨 / 阿丽亚娜·格林布拉特 / 丽兹·卡潘 / 摩根·弗里曼 / 多米尼克·奥伯恩 / 塔邦·莫拉巴 / 塞巴斯蒂安·尤金·汉森 / 佩斯利·戴·埃雷拉 / 马克·鲁法洛,2025,剧情 / 动作 / 犯罪,美国,113分钟,5.5,137498,,56932,440
如何大赚一笔,约翰·巴顿·福特,格伦·鲍威尔 / 玛格丽特·库里 / 杰西卡·亨维克 / 艾德·哈里斯 / 比尔·坎普 / 托弗·格雷斯 / 扎克·伍兹 / 拉夫·洛 / 艾德里安·鲁基斯 / 詹姆斯·弗兰切威勒 / 内森·罗伯茨 / 内尔·威廉姆斯 / 达米安·万特纳尔 / 肖恩·卡梅伦·迈克尔 / 格拉迪·威尔逊,2026,剧情 / 喜剧 / 惊悚,英国 / 法国,105分钟,6.0,4129,,1340,11
执笔,薇拉莉·邓泽里,巴斯蒂安·布永 / 安德烈·马尔孔 / 维吉妮·拉朵嫣 / 阿德里安·巴拉佐尼 / 薇拉莉·邓泽里 / 克洛德·佩隆 / 比阿特丽丝·德·斯塔尔 / Mamadou Diallo / Thelma Pourias / Oscar Tillette / Eve Oron / Marion Lecrivain / 玛丽·里维埃 / Benoît Carre / Ahlam Slama,2025,剧情 / 传记,法国,92分钟,7.1,1281,,699,8
捕风追影,杨子,成龙 / 张子枫 / 梁家辉 / 此沙 / 文俊辉 / 周政杰 / 王杍逸 / 郎月婷 / 林秋楠 / 王振威 / 李哲坤,2025,剧情 / 动作 / 犯罪,中国大陆 / 中国香港,141分钟,8.0,585398,,230652,2132
坏蛋联盟2,皮埃尔·佩里费尔 /  J·P·桑斯,山姆·洛克威尔 / 马克·马龙 / 奥卡菲娜 / 克雷格·罗宾森 / 安东尼·拉莫斯 / 莎姬·贝兹 / 丹妮尔·布鲁克斯 / 娜塔莎·雷昂 / 玛丽亚·巴卡洛娃 / 艾利克斯·布斯汀 / 理查德·艾欧阿德 / 莉莉·辛格 / 欧米德·吉亚李利 / 科林·乔斯特 / 杰米·卡米尔,2025,喜剧 / 动作 / 动画,美国,104分钟,7.6,83337,,31348,226
秒速5厘米,奥山由之,松村北斗 / 高畑充希 / 森七菜 / 青木柚 / 上田悠斗 / 白山乃爱 / 木龙麻生 / 宫崎葵 / 吉冈秀隆 / 冈部敬史 / 中田青渚 / 田村健太郎 / 户塚纯贵 / 莲见翔 / 又吉直树,2025,剧情 / 爱情,日本,123分钟,7.4,4566,,2121,37
奇幻变身大冒险,内森·格雷诺,迈克尔·B·乔丹 / 朱诺·坦普尔 / 塞德里克·凯尔斯 / 贾斯蒂娜·马查多 / 内特·托伦斯 / 卡姆登·布鲁克斯 / 塔塔·维加 / 安比卡·茂德 / 洛利·阿德福普 / 约翰·拉森贝格 / 凯瑞·华格伦 / 弗雷德·塔特西奥 / 泽莫·塔塔肖雷 / 戴维·洛奇 / 约翰尼·威廉姆斯,2026,喜剧 / 动画 / 家庭,美国,102分钟,7.6,3189,,1305,13
超时空辉夜姬！,山下清悟,夏吉优子 / 永濑安奈 / 早见沙织 / 入野自由 / 内田雄马 / 松冈祯丞 / 青山吉能 / 小原好美 / 菲鲁兹·蓝 / 花江夏树 / 钉宫理惠,2026,剧情 / 科幻 / 动画,日本,143分钟,8.3,25078,,11195,138
凶器,扎克·克雷格,朱莉娅·加纳 / 乔什·布洛林 / 王汉斌 / 阿尔登·埃伦瑞奇 / 奥斯汀·艾布拉姆斯 / 卡里·克里斯托弗 / 埃米·马迪根 / 托比·哈斯 / 克莱顿·法里斯 / 琼·黛安·拉斐尔 / 萨拉·帕克斯顿 / 贾斯汀·朗 / 杰森·特纳 / 斯嘉丽·谢尔 / 安妮·朱尔斯,2025,剧情 / 悬疑 / 惊悚,美国,128分钟,6.8,58408,,22681,122
寻女朝圣路,热纳罗·努基阿德,切柯·扎罗内 / 比阿特丽斯·阿荷纳 / 莱蒂娅·阿诺 / 玛蒂娜·科隆巴里 / 比阿特丽斯·阿布罗 / 诺贝托·莫兰 / 大卫·萨利纳斯 / 杰克·福赛思-诺布尔 / 塞西莉亚·格拉尼亚尼 / 利穆 / 马尔科·萨尔米宁 / 侯赛因·塔赫里 / 爱德华多·迪亚斯 / 卡洛斯·托卡 / 范妮·加蒂贝尔萨,2025,喜剧,意大利,90分钟,6.8,1004,,481,7
拼桌,吴靖,王传君 / 江疏影 / 李雪琴 / 郑云龙 / 傅首尔 / 刘佳 / 王彩平 / 杜家毅 / 吴冕 / 白举纲 / 老四 / 田小洁 / 罗海琼 / 齐溪 / 许龄月,2026,喜剧 / 爱情,中国大陆,98分钟,6.3,26929,,11542,132
超级马力欧银河大电影,亚伦·霍瓦斯 / 迈克尔·杰勒尼克,克里斯·帕拉特 / 安雅·泰勒-乔伊 / 查理·戴 / 杰克·布莱克 / 布丽·拉尔森 / 本·萨弗迪 / 唐纳德·格洛弗 / 科甘-迈克尔·凯 / 伊萨·雷 / 凯文·迈克尔·理查德森 / 路易斯·古兹曼 / 格伦·鲍威尔 / 萝珊娜·奥德嘉,2026,喜剧 / 动画 / 奇幻,日本 / 美国,99分钟,7.0,46885,,22822,179
惩罚者：最后一击,雷纳尔多·马库斯·格林,乔·博恩瑟 / 杰森·R·摩尔 / 朱迪斯·赖特 / 黛博拉·安·霍尔 / 安德烈·罗约 / 米拉·杰姆斯 / 尼克·库马拉索斯 / 贾马尔·劳埃德·约翰逊 / 多米尼克·曼齐诺 / 约瑟夫·德维托 / 大卫·曼努埃尔 / 多纳尔·奥·赫莱 / 约翰·道格拉斯·汤普森,2026,剧情 / 动作 / 惊悚,美国,50分钟,6.7,6646,,2090,13
震耳欲聋,万力,檀健次 / 兰西雅 / 王戈 / 潘斌龙 / 王砚辉 / 迟蓬 / 李菁菁 / 范翔 / 胡晓光 / 宁桓宇 / 吴昊宸 / 周政杰 / 欧剑宇 / 蒋中炜 / 谢承颖,2025,剧情 / 犯罪,中国大陆,125分钟,7.4,268443,,156105,7597
她们的狂想曲,苏珊娜·海因里希,罗莎·兰德斯 / 西奥·科拉鲁索,2026,剧情 / 歌舞,德国 / 法国,82分钟,7.1,318,,194,2
纽伦堡,詹姆斯·范德比尔特,罗素·克劳 / 拉米·马雷克 / 利奥·伍德尔 / 迈克尔·珊农 / 理查德·E·格兰特 / 科林·汉克斯 / 约翰·斯拉特里 / 瑞安·施密特 / 洛特·弗贝克 / 马克·奥布莱恩 / 安德烈亚斯·皮特斯柯曼 / 史蒂文·佩西 / 莉迪亚·佩克汉 / 丹·凯德 / 罗德里克·希尔,2025,剧情 / 惊悚 / 历史,匈牙利 / 美国,148分钟,7.3,5025,,1809,31
南京照相馆,申奥,刘昊然 / 王传君 / 高叶 / 王骁 / 周游 / 杨恩又 / 原岛大地 / 王真儿 / 杨皓宇 / 刘亦淳,2025,剧情 / 历史 / 战争,中国大陆,137分钟,8.7,575849,,205091,3580
我们不是陌生人,陈哲艺,杨雁雁 / 许家乐 / 林伟文 / 林咏谊 / 杨世彬,2026,剧情,新加坡,157分钟,5.7,742,,455,7
飞行家,鹏飞,蒋奇明 / 李雪琴 / 董宝石 / 姜武 / 杨玏 / 蒋易 / 雷佳音 / 董子健 / 王彦霖 / 欧剑宇 / 英泽 / 郑昊森 / 周铁男 / 鹏飞 / 韩秀一,2025,剧情 / 喜剧,中国大陆,122分钟,7.1,62822,,26456,406
洛杉矶劫案,巴特·雷顿,克里斯·海姆斯沃斯 / 马克·鲁法洛 / 巴里·基奥恩 / 哈莉·贝瑞 / 莫妮卡·巴巴罗 / 科里·霍金斯 / 尼克·诺特 / 詹妮弗·杰森·李 / 泰特·多诺万 / 保罗·安德斯坦 / 戴文·博斯蒂克 / 德鲁·鲍威尔 / 帕特里克·穆尔维 / 马修·德尔·内格罗 / 安德拉·内切塔,2026,剧情 / 动作 / 犯罪,美国 / 英国,141分钟,6.5,35972,,15608,161
春,达米亚诺·米基耶莱托,特克拉·因索里亚 / 米凯莱·里翁迪诺 / 法布里齐亚·萨基 / 安德里亚·彭纳基 / 瓦伦蒂娜·贝莱 / 斯特凡诺·阿科尔西 / 希尔德加德·德·斯特凡诺 / 米克·雅里 / 科西玛·森图里奥尼 / 费代丽卡·吉拉尔德洛 / 丽贝卡·安托纳奇 / Chiara Sacco / 亚历山德罗·布雷萨内罗 / Roberta Potrich / Paolo Rozzi,2025,剧情 / 音乐 / 传记,意大利 / 法国,110分钟,7.5,961,,385,3
暗黑新娘！,玛吉·吉伦哈尔,杰西·巴克利 / 克里斯蒂安·贝尔 / 安妮特·贝宁 / 佩内洛普·克鲁兹 / 彼得·萨斯加德 / 杰克·吉伦哈尔 / 约翰·马加罗 / 马修·马希尔 / 珍妮·柏林 / 兹拉特科·布里奇 / 路易斯·坎瑟米 / 朱莉安·浩夫 / 马西尔·摩丹 / 安东尼·阿巴图 / 尼尔·文森特·史密斯,2026,剧情 / 惊悚 / 犯罪,法国 / 美国,127分钟,6.3,20421,,10712,187
好孩子,王国燊,许瑞奇 / 洪慧芳 / 路斯明 / 吴清樑 / 周智慧 / 李文海 / 林志强 / Das DD / 李金才,2025,剧情 / 同性,新加坡,105分钟,8.1,4508,,1785,30
奇迹梦之队,泰里·迪利海 / 亚当·罗塞特,凯莱布·麦克劳克林 / 加布里埃尔·尤尼恩 / 斯蒂芬·库里 / 亚伦·皮埃尔 / 妮可拉·考夫兰 / 大卫·哈伯 / 尼克·克罗尔 / 詹妮弗·路易斯 / 帕顿·奥斯瓦尔特 / 杰利·罗尔 / 詹妮弗·哈德森 / 雪莉·可拉 / 爱德华多·弗兰科 / 安德鲁·桑提诺 / 鲍比·李,2026,喜剧 / 动画 / 冒险,美国 / 加拿大,100分钟,6.7,20500,,10169,117
日掛中天,蔡尚君,辛芷蕾 / 张颂文 / 冯绍峰,2025,剧情,中国大陆,131分钟,7.0,98719,,42224,941
马拉加街夕阳红,玛丽亚姆·图扎尼,卡门·毛拉 / 玛尔塔·埃图拉 / 艾哈迈德·布拉内 / 玛利亚·阿尔方萨·罗索 / 米格尔·加尔塞斯 / 拉·伊门,2025,剧情,西班牙 / 法国 / 德国 / 比利时 / 摩洛哥,116分钟,7.6,1846,,893,6
绿液惊魂,强尼·坎贝尔,乔·基瑞 / 连姆·尼森 / 乔治娜·坎贝尔 / 索茜·贝肯 / 瓦妮莎·雷德格雷夫 / 莱丝利·曼维尔 / 亚伦·赫弗南 / 埃洛拉·托尔基亚 / 罗伯·柯林斯 / 贾斯汀·塞林格 / 加文·斯波克斯 / 安德鲁·布鲁克 / 达雷尔·席尔瓦 / 露伊萨·里希特 / 纳赫尔·策盖,2026,喜剧 / 科幻 / 惊悚,英国 / 法国 / 美国,99分钟,6.0,10099,,3694,26
夜王,吴炜伦,黄子华 / 郑秀文 / 王丹妮 / 廖子妤 / 杨伟伦 / 谢君豪 / 卢镇业 / 何启华 / 杨偲泳 / 谭旻萱 / 李芯駖 / 林熙彤 / 邓丽英 / 蔡蕙琪 / 黄洁琪,2026,剧情 / 喜剧,中国大陆 / 中国香港,133分钟(中国大陆) / 132分钟(中国香港) / 162分钟(导演剪辑版),7.8,104434,,41897,504
同事以上，恋人未满,欧·帕克,詹妮弗·洛佩兹 / 布雷特·戈德斯坦 / 贝蒂·吉尔平 / 艾米·塞德丽丝 / 托尼·海尔 / 布莱德利·惠特福德 / 爱德华·詹姆斯·奥莫斯 / 丽萨·吉洛伊 / 格雷迪·埃尔德里奇 / 杰姬·桑德勒 / 托尼·普拉纳 / 里克·霍夫曼 / 威尔·萨索 / 朱迪·惠特克 / 米歇尔·赫德,2026,喜剧 / 爱情,美国,115分钟,5.7,1036,,367,7
熊出没·年年有熊,林汇达,张伟 / 张秉君 / 谭笑 / 王兵兵 / 聂吉轩 / 周子瑜 / 潘耀东 / 贺敬仁 / 贾晨露 / 张茗 / 王思雨 / 崔恩梓 / 李婉瑶 / 刘思奇 / 李芝恩,2026,喜剧 / 动画 / 奇幻,中国大陆,118分钟,6.5,32409,,14861,317
落叶球,亚历山大·科贝里泽,乔治·博乔里什维利 / Irina Chelidze / Vakhtang Fanchulidze / David Koberidze / Otar Nijaradze,2025,剧情,德国 / 格鲁吉亚,186分钟,7.1,1434,,926,12
遇见世界,松居大悟,杉咲花 / 南琴奈 / 板垣李光人 / 苍井优 / 涩川清彦 / 筒井真理子 / 令和ロマン・くるま / 加藤千尋 / 和田光沙 / 安藤裕子 / 中山佑一朗 / 佐藤宽太,2025,剧情,日本,126分钟,7.6,3653,,1740,17
趣塔德庄园,吉姆·奥汉龙,戴米恩·路易斯 / 凯瑟琳·沃特斯顿 / 托马辛·麦肯齐 / 本·拉德克利夫 / 汤姆·费尔顿 / 艾玛·莱尔德 / 李·布罗德曼 / 汤姆·古德曼-希尔 / 吉米·卡尔 / 莉莉·奈特 / 亚当·伍德沃德 / 查理·罗尔斯 / 卢卡斯·凯利 / 内森·霍尔 / 亚历山大·巴特勒,2025,喜剧,英国,97分钟,7.2,6084,,2778,8
暗流低语,伊恩·图阿松,尼娜·凯莉 / 亚当·迪马科 / 米歇尔·迪凯 / 基娜·巴斯蒂达斯 / 容海峰 / 瑞安·特纳 / 阿里·米伦 / 马里索尔·德安德烈亚 / 奥斯汀·图阿松 / 塞莱德·卡尔德龙 / 比安卡·努加拉 / 杰达·伍兹 / 莎拉·博丹 / 克里斯蒂娜·诺托,2025,科幻 / 惊悚 / 恐怖,加拿大,93分钟,5.7,2269,,1112,9
黑煞女2,普蒂蓬·塞西甲,丘普朗·阿瑞昆 / 杰克林·坤万齐提柴 / 萍玛达·柴莎索恩 / 齐纳吾·英塔拉库辛 / D-na Suriwatsa Vivatvanit / 西瓦·詹隆库 / 南思睿 / Guntapat Kasemsan Na Ayudhya / 比吉卡·吉塔弗塔 / Suthita Chanachaisuwan,2026,剧情 / 悬疑 / 惊悚,泰国,125分钟,6.5,1613,,581,5
最后的KPI,纳瓦彭·坦荣瓜塔纳利,帕拉帕蒙通·伊埃猜 / 帕奥佩茨·查伦舒克 / 查纳坎·拉塔纳乌东 / 萍玛达·柴莎索恩 / 黛莉娜·班楚,2025,剧情,泰国,122分钟,6.8,1684,,979,13
惊声尖叫7,凯文·威廉姆森,内芙·坎贝尔 / 柯特妮·考克斯 / 伊莎贝尔·梅 / 贾思敏·萨沃伊·布朗 / 梅森·古丁 / 罗格·杰克逊 / 安娜·坎普 / 乔尔·麦克哈尔 / 塞莱斯特·奥康纳 / 萨姆·雷希纳 / 阿萨·格尔曼 / 麦肯娜·格瑞丝 / 马修·里沃德 / 克雷格·戴恩 / 伊桑·恩布里,2026,悬疑 / 恐怖,美国 / 加拿大,109分钟,5.2,5672,,2249,16
临租家庭,宫崎光代,布兰登·费舍 / 平岳大 / 山本真理 / 香农·戈尔曼 / 柄本明 / 尼希 / 古川雁 / 金隆夫 / 小松裕司 / 长田凉子 / 保罗·安德里亚·迪·皮耶特罗 / 木村文哉 / 龟田梨纱 / 加奈·凯蒂 / 尾关伸嗣,2025,剧情 / 喜剧,日本 / 美国,109分钟,7.3,9514,,4002,40
铁血战士：杀戮之地,丹·特拉亨伯格,艾丽·范宁 / 迪米特里乌斯·舒斯特-科洛阿玛坦吉 / 拉维·纳亚兰 / 迈克尔·霍米克 / 斯特凡·格鲁贝 / 鲁本·德容 / 卡梅伦·布朗 / 艾莉森·赖特 / 马特·达菲 / 罗斯·达菲,2025,动作 / 科幻 / 惊悚,美国 / 澳大利亚 / 新西兰 / 加拿大 / 德国,107分钟,7.3,92572,,33952,261
藤本树 17-26,长屋诚志郎 / 木村延景 / 武内宣之 / 安藤尚也 / 渡边彻明 / 寺泽和晃 / 本间修,小野贤章 / 樱井诗音 / 浦和希 / 熊谷俊辉 / 安济知佳 /  冈野阳一 / 堀江瞬 / 若山诗音 / 花泽香菜 / 杉田智和 / 菊田千瑛 / 幸村惠理 / 榊原优希 / 河濑茉希 / 山下诚一郎,2025,剧情 / 科幻 / 动画,日本,144分钟,8.2,6499,,2412,18
星河入梦,韩延,王鹤棣 / 宋茜 / 祖峰 / 罗海琼 / 汪铎 / 谢楠 / 庞博,2026,科幻 / 奇幻 / 冒险,中国大陆 / 中国香港,111分钟,6.8,116738,,71152,1531
核,陈思攸,郑凯心 / 李雯 / 林诗安 / 陈琡璇 / 高捷 / 黄文宝 / 许优美 / 陈乔 / 颜橦 / 卓桂枝,2025,剧情,新加坡 / 荷兰 / 法国 / 西班牙 / 韩国,98分钟,6.7,1872,,1099,12
一个悲伤而美丽的世界,西里尔·阿里斯,穆尼亚·阿克 / 朱莉娅·卡萨 / 亚历克斯·乔埃里 / 哈桑·阿基尔 / 吉安娜·雷斯托姆 / 马塞尔·贾布尔 / 安东尼·卡拉姆 / 瓦利德·哈达德 / 桑迪·查穆恩 / 卡米尔·萨拉米 / 迈克尔·卡拉姆 / 约瑟夫·泽伊图尼 / 斯蒂芬妮·诺拉 / 纳丁·查尔胡布 / 谢琳·库里,2025,剧情 / 喜剧 / 爱情,黎巴嫩 / 德国 / 美国 / 沙特阿拉伯 / 卡塔尔,110分钟,7.0,530,,234,2
团战之夜,戈尔·维宾斯基,山姆·洛克威尔 / 史蒂夫·马克 / 坦娅·范·格拉恩 / 卡西尔·伊托克-威尼克 / 朱诺·坦普尔 / 迈克尔·佩纳 / 海莉·露·理查森 / 莎姬·贝兹 / 阿西姆·乔杜里 / 汤姆·泰勒 / 亚当·伯顿 / 迪诺·费切尔 / 乔治娅·古德曼 / 康拉德·坎普 / 迈克·加萨威,2025,剧情 / 喜剧 / 科幻,德国 / 美国,134分钟,6.6,7031,,2564,26
